<?xml version="1.0" encoding="utf-8"?>
<extension type="component" version="2.5" method="upgrade">
	<name>Аукцион</name>
	<creationDate>Февраль 2013</creationDate>
	<copyright>Copyright (C) info.</copyright>
	<license></license>
    <author>srgg01</author>
	<authorEmail>srgg67@gmail.com</authorEmail>
	<authorUrl>http://www.facebook.com/srgg67</authorUrl>
	<version>1.0.0</version>
	<description>Описание компонента</description>
	<!-- Runs on install -->
	<!-- <install> 
    	<sql>
        	<file driver="mysql" charset="utf8">sql/install.mysql.utf8.sql</file>
  		</sql>
    </install>-->
	<!-- Runs on uninstall -->
    <!--<uninstall> 
    	<sql>
        	<file driver="mysql" charset="utf8">sql/uninstall.mysql.utf8.sql</file>
  		</sql>
   </uninstall>-->

	<files folder="site">
		<filename>index.html</filename>
		<filename>auction2013.php</filename>
		<filename>controller.php</filename>
		<filename>router.php</filename>
		<folder>views</folder>
		<folder>models</folder>
		<folder>controllers</folder>
	</files>
	
	<administration>
		<!--<menu img="">com_auction2013</menu>
		<submenu>
			<menu link="option=com_auction2013&amp;view=importlots" img="">com_auction2013_importlots</menu>
		</submenu>-->
		
		<files folder="administrator">
			<!-- files -->
			<filename>index.html</filename>
			<filename>auction2013.php</filename>
			<filename>controller.php</filename>
			<filename>auction2013.xml</filename>
			<!-- folders -->
			<folder>assets</folder>
			<folder>controllers</folder>
			<folder>helpers</folder>
			<folder>models</folder>
			<folder>sql</folder>
			<folder>tables</folder>
			<folder>views</folder>
		</files>
		<languages folder="administrator">
			<language tag="ru-RU">language/ru-RU.com_auction2013.ini
			</language>
			<language tag="ru-RU">language/ru-RU.com_auction2013.sys.ini
			</language>
		</languages>
	</administration>
	
	<languages folder="site">
		<language tag="ru-RU">language/ru-RU.com_auction2013.ini
		</language>
	</languages>
	
</extension>

