<?xml version="1.0" encoding="utf-8" ?>
<dwsync>
<file name="index.html" server="2013.auction-ruseasons.ru/public_html/" local="130043541420550000" remote="130043553600000000" />
<file name="authorname.php" server="2013.auction-ruseasons.ru/public_html/" local="130043541420230000" remote="130043553600000000" />
<file name="bounceaction.php" server="2013.auction-ruseasons.ru/public_html/" local="130043541420250000" remote="130043553600000000" />
<file name="charset.php" server="2013.auction-ruseasons.ru/public_html/" local="130043541420270000" remote="130043553600000000" />
<file name="color.php" server="2013.auction-ruseasons.ru/public_html/" local="130043541420290000" remote="130043553600000000" />
<file name="content.php" server="2013.auction-ruseasons.ru/public_html/" local="130043541420310000" remote="130043553600000000" />
<file name="contentfilter.php" server="2013.auction-ruseasons.ru/public_html/" local="130043541420330000" remote="130043553600000000" />
<file name="contentorder.php" server="2013.auction-ruseasons.ru/public_html/" local="130043541420360000" remote="130043553600000000" />
<file name="delay.php" server="2013.auction-ruseasons.ru/public_html/" local="130043541420380000" remote="130043553600000000" />
<file name="delaydisp.php" server="2013.auction-ruseasons.ru/public_html/" local="130043541420400000" remote="130043553600000000" />
<file name="deliverstatus.php" server="2013.auction-ruseasons.ru/public_html/" local="130043541420420000" remote="130043553600000000" />
<file name="detailstatsmail.php" server="2013.auction-ruseasons.ru/public_html/" local="130043541420470000" remote="130043553600000000" />
<file name="editor.php" server="2013.auction-ruseasons.ru/public_html/" local="130043541420500000" remote="130043553600000000" />
<file name="festatus.php" server="2013.auction-ruseasons.ru/public_html/" local="130043541420520000" remote="130043553600000000" />
<file name="jflanguages.php" server="2013.auction-ruseasons.ru/public_html/" local="130043541420570000" remote="130043553600000000" />
<file name="listcreator.php" server="2013.auction-ruseasons.ru/public_html/" local="130043541420600000" remote="130043553600000000" />
<file name="lists.php" server="2013.auction-ruseasons.ru/public_html/" local="130043541420620000" remote="130043553600000000" />
<file name="listsmail.php" server="2013.auction-ruseasons.ru/public_html/" local="130043541420640000" remote="130043553600000000" />
<file name="mailcreator.php" server="2013.auction-ruseasons.ru/public_html/" local="130043541420660000" remote="130043553600000000" />
<file name="operators.php" server="2013.auction-ruseasons.ru/public_html/" local="130043541420680000" remote="130043553600000000" />
<file name="operatorsin.php" server="2013.auction-ruseasons.ru/public_html/" local="130043541420700000" remote="130043553600000000" />
<file name="queuemail.php" server="2013.auction-ruseasons.ru/public_html/" local="130043541420730000" remote="130043553600000000" />
<file name="status.php" server="2013.auction-ruseasons.ru/public_html/" local="130043541420750000" remote="130043553600000000" />
<file name="statusfilter.php" server="2013.auction-ruseasons.ru/public_html/" local="130043541420780000" remote="130043553600000000" />
<file name="statusfilterlist.php" server="2013.auction-ruseasons.ru/public_html/" local="130043541420800000" remote="130043553600000000" />
<file name="statusquick.php" server="2013.auction-ruseasons.ru/public_html/" local="130043541420820000" remote="130043553600000000" />
<file name="testreceiver.php" server="2013.auction-ruseasons.ru/public_html/" local="130043541420850000" remote="130043553600000000" />
<file name="titlelink.php" server="2013.auction-ruseasons.ru/public_html/" local="130043541420870000" remote="130043553600000000" />
<file name="unsub.php" server="2013.auction-ruseasons.ru/public_html/" local="130043541420890000" remote="130043553600000000" />
</dwsync>