<?xml version="1.0" encoding="utf-8" ?>
<dwsync>
<file name="index.html" server="2013.auction-ruseasons.ru/public_html/" local="130043541414710000" remote="130043551200000000" />
<file name="acyhistory.php" server="2013.auction-ruseasons.ru/public_html/" local="130043541414620000" remote="130043551200000000" />
<file name="cpanel.php" server="2013.auction-ruseasons.ru/public_html/" local="130043541414650000" remote="130043551200000000" />
<file name="fields.php" server="2013.auction-ruseasons.ru/public_html/" local="130043541414670000" remote="130043551200000000" />
<file name="filter.php" server="2013.auction-ruseasons.ru/public_html/" local="130043541414690000" remote="130043551200000000" />
<file name="list.php" server="2013.auction-ruseasons.ru/public_html/" local="130043541414740000" remote="130043551200000000" />
<file name="listcampaign.php" server="2013.auction-ruseasons.ru/public_html/" local="130043541414760000" remote="130043551200000000" />
<file name="listmail.php" server="2013.auction-ruseasons.ru/public_html/" local="130043541414780000" remote="130043551200000000" />
<file name="listsub.php" server="2013.auction-ruseasons.ru/public_html/" local="130043541414800000" remote="130043551200000000" />
<file name="mail.php" server="2013.auction-ruseasons.ru/public_html/" local="130043541414830000" remote="130043551200000000" />
<file name="queue.php" server="2013.auction-ruseasons.ru/public_html/" local="130043541414850000" remote="130043551200000000" />
<file name="rules.php" server="2013.auction-ruseasons.ru/public_html/" local="130043541414870000" remote="130043551200000000" />
<file name="stats.php" server="2013.auction-ruseasons.ru/public_html/" local="130043541414890000" remote="130043551200000000" />
<file name="subscriber.php" server="2013.auction-ruseasons.ru/public_html/" local="130043541414910000" remote="130043551200000000" />
<file name="template.php" server="2013.auction-ruseasons.ru/public_html/" local="130043541414940000" remote="130043551200000000" />
</dwsync>