<?xml version="1.0" encoding="utf-8" ?>
<dwsync>
<file name="index.html" server="2013.auction-ruseasons.ru/public_html/" local="130043541415170000" remote="130043551200000000" />
<file name="chooselist.php" server="2013.auction-ruseasons.ru/public_html/" local="130043541415000000" remote="130043551200000000" />
<file name="cpanel.php" server="2013.auction-ruseasons.ru/public_html/" local="130043541415030000" remote="130043551800000000" />
<file name="dashboard.php" server="2013.auction-ruseasons.ru/public_html/" local="130043541415050000" remote="130043551800000000" />
<file name="data.php" server="2013.auction-ruseasons.ru/public_html/" local="130043541415090000" remote="130043551800000000" />
<file name="email.php" server="2013.auction-ruseasons.ru/public_html/" local="130043541415110000" remote="130043551800000000" />
<file name="file.php" server="2013.auction-ruseasons.ru/public_html/" local="130043541415130000" remote="130043551800000000" />
<file name="filter.php" server="2013.auction-ruseasons.ru/public_html/" local="130043541415150000" remote="130043551800000000" />
<file name="list.php" server="2013.auction-ruseasons.ru/public_html/" local="130043541415190000" remote="130043551800000000" />
<file name="newsletter.php" server="2013.auction-ruseasons.ru/public_html/" local="130043541415220000" remote="130043551800000000" />
<file name="queue.php" server="2013.auction-ruseasons.ru/public_html/" local="130043541415240000" remote="130043551800000000" />
<file name="send.php" server="2013.auction-ruseasons.ru/public_html/" local="130043541415260000" remote="130043551800000000" />
<file name="stats.php" server="2013.auction-ruseasons.ru/public_html/" local="130043541415280000" remote="130043551800000000" />
<file name="subscriber.php" server="2013.auction-ruseasons.ru/public_html/" local="130043541415300000" remote="130043551800000000" />
<file name="tag.php" server="2013.auction-ruseasons.ru/public_html/" local="130043541415320000" remote="130043551800000000" />
<file name="template.php" server="2013.auction-ruseasons.ru/public_html/" local="130043541415350000" remote="130043551800000000" />
<file name="toggle.php" server="2013.auction-ruseasons.ru/public_html/" local="130043541415380000" remote="130043551800000000" />
<file name="update.php" server="2013.auction-ruseasons.ru/public_html/" local="130043541415410000" remote="130043551800000000" />
</dwsync>