<?xml version="1.0" encoding="utf-8" ?>
<dwsync>
<file name="index.html" server="2013.auction-ruseasons.ru/public_html/" local="130043541419550000" remote="130043553000000000" />
<file name="acymailer.php" server="2013.auction-ruseasons.ru/public_html/" local="130043541418870000" remote="130043553000000000" />
<file name="acymenu.php" server="2013.auction-ruseasons.ru/public_html/" local="130043541418890000" remote="130043553000000000" />
<file name="acypict.php" server="2013.auction-ruseasons.ru/public_html/" local="130043541419280000" remote="130043553000000000" />
<file name="acyplugins.php" server="2013.auction-ruseasons.ru/public_html/" local="130043541419300000" remote="130043553000000000" />
<file name="acypopup.php" server="2013.auction-ruseasons.ru/public_html/" local="130043541419320000" remote="130043553000000000" />
<file name="acysliders.php" server="2013.auction-ruseasons.ru/public_html/" local="130043541419340000" remote="130043553000000000" />
<file name="acytabs.php" server="2013.auction-ruseasons.ru/public_html/" local="130043541419370000" remote="130043553000000000" />
<file name="acyuser.php" server="2013.auction-ruseasons.ru/public_html/" local="130043541419390000" remote="130043553000000000" />
<file name="editor.php" server="2013.auction-ruseasons.ru/public_html/" local="130043541419410000" remote="130043553000000000" />
<file name="encoding.php" server="2013.auction-ruseasons.ru/public_html/" local="130043541419450000" remote="130043553000000000" />
<file name="export.php" server="2013.auction-ruseasons.ru/public_html/" local="130043541419480000" remote="130043553000000000" />
<file name="helper.php" server="2013.auction-ruseasons.ru/public_html/" local="130043541419510000" remote="130043553600000000" />
<file name="import.php" server="2013.auction-ruseasons.ru/public_html/" local="130043541419530000" remote="130043553600000000" />
<file name="list.php" server="2013.auction-ruseasons.ru/public_html/" local="130043541419880000" remote="130043553600000000" />
<file name="order.php" server="2013.auction-ruseasons.ru/public_html/" local="130043541419900000" remote="130043553600000000" />
<file name="queue.php" server="2013.auction-ruseasons.ru/public_html/" local="130043541419920000" remote="130043553600000000" />
<file name="toggle.php" server="2013.auction-ruseasons.ru/public_html/" local="130043541419940000" remote="130043553600000000" />
<file name="update.php" server="2013.auction-ruseasons.ru/public_html/" local="130043541420070000" remote="130043553600000000" />
<file name="zoho.php" server="2013.auction-ruseasons.ru/public_html/" local="130043541420090000" remote="130043553600000000" />
</dwsync>